<?xml version="1.0" encoding="UTF-8"?>
<api context="/arithmaticAPI" name="ArithmaticOperationServiceAPI" xmlns="http://ws.apache.org/ns/synapse">
    <resource methods="POST">
        <inSequence>
            <log level="full" description="Log Request Payload"/>  
            <switch description="Route based on the Operation" source="${payload.Operation}">
                <case regex="Add">
                    <payloadFactory description="Construct payload for addition operation" media-type="xml">
                        <format>
                            <tem:AddInteger xmlns:tem="http://tempuri.org">
                                <tem:Arg1>${payload.Arg1}</tem:Arg1>
                                <tem:Arg2>${payload.Arg2}</tem:Arg2>
                            </tem:AddInteger>
                        </format>
                    </payloadFactory>
                    <header description="Set SOAPAction header" name="Action" scope="default" value="http://tempuri.org/SOAP.Demo.AddInteger"/>
                    <call description="Send request to the endpoint">
                        <endpoint key="NumberAdditionEP"/>
                    </call>
                </case>
                <case regex="Divide">
                    <payloadFactory description="Construct payload for division operation" media-type="xml">
                        <format>
                            <tem:DivideInteger xmlns:tem="http://tempuri.org">
                                <tem:Arg1>${payload.Arg1}</tem:Arg1>
                                <tem:Arg2>${payload.Arg2}</tem:Arg2>
                            </tem:DivideInteger>
                        </format>
                    </payloadFactory>
                    <header description="Set SOAPAction header" name="Action" scope="default" value="http://tempuri.org/SOAP.Demo.DivideInteger"/>
                    <call>
                        <endpoint key="NumberDivisionEP"/>
                    </call>
                </case>
                <default>
                    <payloadFactory description="Create response payload for unsupported operation" media-type="xml" template-type="default">
                        <format>
                            <Message xmlns="">Unsupported operation.</Message>
                        </format>
                    </payloadFactory>
                </default>
            </switch>
            <property description="Set message type" name="messageType" scope="axis2" type="STRING" value="application/json"/>
            <respond description="Send result to the client"/>
        </inSequence>
        <faultSequence/>
    </resource>
</api>
